[
  {
    "id": "8321504c-b33f-4ebe-8831-8bebf3b574ab",
    "data": [
      {
        "text": "order",
        "userDefined": false
      }
    ],
    "isTemplate": false,
    "count": 0,
    "lang": "en",
    "updated": 0
  },
  {
    "id": "26191c6e-b351-4738-a6d6-cedd509bd3d7",
    "data": [
      {
        "text": "Place new order",
        "userDefined": false
      }
    ],
    "isTemplate": false,
    "count": 0,
    "lang": "en",
    "updated": 0
  },
  {
    "id": "f7669f56-c29b-4b29-b7f0-e3c2ac5fbdd2",
    "data": [
      {
        "text": "new order",
        "userDefined": false
      }
    ],
    "isTemplate": false,
    "count": 0,
    "lang": "en",
    "updated": 0
  }
]